{
  "total_runs": 972,
  "corridor_hits": 460,
  "corridor_rate": 0.4732510288065844,
  "mean_K": 0.9658530212328875,
  "std_K": 0.17421586718992552,
  "mean_TAT": 0.48292651061644376,
  "mean_Recovery": 1.2341469787671129,
  "centroid": {
    "communication_cost": 0.29913043478260865,
    "energy_gradient": 0.4778260869565218,
    "noise_spectrum_alpha": -0.014782608695652176,
    "plasticity_rate": 0.12782608695652173,
    "stimulus_jitter": 0.04965217391304349
  },
  "bounds": {
    "communication_cost": [
      0.2,
      0.4
    ],
    "energy_gradient": [
      0.4,
      0.6
    ],
    "noise_spectrum_alpha": [
      -0.2,
      0.2
    ],
    "plasticity_rate": [
      0.1,
      0.15
    ],
    "stimulus_jitter": [
      0.03,
      0.07
    ]
  },
  "baseline_comparison": {
    "baseline_path": "logs/fre_phase1/corridor_points.csv",
    "baseline_hits": 230,
    "jaccard": 1.0,
    "centroid_shift": 5.204170427930421e-18
  }
}
